{"ALP": 0.0, "APS1": 0.0, "APS2": 0.0, "A_X": 1894.485, "A_Y": -425.724, "A_Z": 1530.121, "Alfa": 6.283185307179586, "Ap_X": 1875.675, "Ap_Y": -426.437, "Ap_Z": 1581.799, "BC": 50.0, "BC2": 66.7, "CD": 249.0, "CD2": 447.1, "Comment": "test", "Customer": "YUAN", "Delta": 0.0, "Delta2": 0.0, "Department": "2018-08-11 00:00:00", "Distance": 25.0, "Distance2": -22.0, "Drawing": "None", "DriveType": "Standard", "ED": 72.0, "ED2": 70.0, "FE": 52.0, "FE2": 21.0, "F_X": 1885.486, "F_X2": 1958.182, "F_Y": -174.284, "F_Y2": -613.999, "F_Z": 1495.605, "F_Z2": 1517.337, "Fp_X": 1845.708, "Fp_X2": 1931.681, "Fp_Y": -172.737, "Fp_Y2": -614.164, "Fp_Z": 1567.294, "Fp_Z2": 1560.911, "IPL": 0.0, "KBEW": "+x", "KBEW2": "+x", "KMP": 0.0, "Master": "passenger side", "MechanicType": "Serial PS-DS", "Name": "None", "Offset": 0.0, "ParkWhere": "+y", "ProjectName": "D2UC", "Ra_Rb": 0.2008032128514056, "Ra_Rb2": 0.1491836278237531, "SP": 0.0, "UWL": 0.0, "ValidDate": "None", "errorN": {"A_X": 0.01, "A_X2": 0.8, "A_Y": 0.01, "A_Y2": 0.8, "A_Z": 0.01, "A_Z2": 0.8, "Alfa": 0.017453292519943295, "Ap_X": 0.01, "Ap_X2": 0.8, "Ap_Y": 0.01, "Ap_Y2": 0.8, "Ap_Z": 0.01, "Ap_Z2": 0.8, "BC": 0.2, "BC2": 0.2, "CD": 0.6, "CD2": 0.6, "Delta": 0.0, "Delta2": 0.0, "Distance": 0.2, "Distance2": 0.2, "ED": 0.2, "ED2": 0.2, "FE": 1.5, "FE2": 1.5, "F_X": 0.8, "F_X2": 0.8, "F_Y": 0.8, "F_Y2": 0.8, "F_Z": 0.8, "F_Z2": 0.8, "Fp_X": 0.8, "Fp_X2": 0.8, "Fp_Y": 0.8, "Fp_Y2": 0.8, "Fp_Z": 0.8, "Fp_Z2": 0.8, "Offset": 0.0}, "errorP": {"A_X": 0.01, "A_X2": 0.8, "A_Y": 0.01, "A_Y2": 0.8, "A_Z": 0.01, "A_Z2": 0.8, "Alfa": 0.017453292519943295, "Ap_X": 0.01, "Ap_X2": 0.8, "Ap_Y": 0.01, "Ap_Y2": 0.8, "Ap_Z": 0.01, "Ap_Z2": 0.8, "BC": 0.2, "BC2": 0.2, "CD": 0.6, "CD2": 0.6, "Delta": 0.0, "Delta2": 0.0, "Distance": 0.2, "Distance2": 0.2, "ED": 0.2, "ED2": 0.2, "FE": 1.5, "FE2": 1.5, "F_X": 0.8, "F_X2": 0.8, "F_Y": 0.8, "F_Y2": 0.8, "F_Z": 0.8, "F_Z2": 0.8, "Fp_X": 0.8, "Fp_X2": 0.8, "Fp_Y": 0.8, "Fp_Y2": 0.8, "Fp_Z": 0.8, "Fp_Z2": 0.8, "Offset": 0.0}, "isClock": 1, "startFrom": "Park", "w2Target": 88.017, "w2opt": 87.99749054176739, "w3Target": 82.8, "w3opt": 0.0}