{"BC2": 66.7, "CD": 249.0, "CD2": 447.1, "CordinateDetailList": [1905.6815732900682, -119.74361341965806, 1539.9488276556312, 1984.5843907989924, -559.4484889625926, 1558.1800594551262, 1889.9866872202854, -376.2594394737092, 1555.772947958718, 1909.8349305408506, -128.33385212681617, 1567.603010333268, 1911.6595163332884, -125.49424044692915, 1543.38989725326, 1990.084320065518, -565.2895098119973, 1561.5029092520704, 1912.8488060520162, -385.2030526191706, 1563.9710140420057, 1914.5995709656672, -136.2926979815328, 1570.4185078483067, 1922.2000668342828, -141.30368187772578, 1549.5796784431495, 2000.025875822968, -581.2136876069803, 1567.4889027296488, 1928.4993696241422, -405.0910616482731, 1569.3931849920025, 1921.5815491735511, -156.24425048110052, 1574.7231317218443, 1928.6986435795209, -163.80088120839727, 1553.6710111878751, 2006.4060660557625, -603.743777545127, 1571.2839171079363, 1932.74482206642, -430.5944906026059, 1570.5865944814334, 1922.6945557993358, -181.85400226104144, 1575.8933456118978, 1927.91774986877, -187.25727992983528, 1553.7438906923433, 2006.046994047211, -627.1405067313266, 1570.9769398367575, 1924.4475978254366, -454.879716289631, 1567.2314694013655, 1916.012560427766, -206.08290832577913, 1572.7085572314186, 1922.2484960153513, -204.80238192878036, 1550.9768091737153, 2001.156960159944, -644.557106652905, 1567.9369497731068, 1905.8309314359833, -471.43953209850247, 1560.2268128075086, 1905.7369515984578, -222.54180478490107, 1567.3621127951737, 1918.9644208520237, -210.97519975675283, 1549.287783065568, 1998.3204002921532, -650.65166807093, 1566.1887220297208, 1881.883143622874, -475.8367487564251, 1551.4495167774442, 1900.783453238449, -227.91050492629725, 1564.7294232801062, 1921.8166279421491, -205.70486164426228, 1550.756653890534, 2000.782736609662, -645.4496561030086, 1567.7059732971052, 1859.0210247911432, -466.8931356109637, 1543.2514506941566, 1905.0628365232049, -223.34251658909358, 1567.005346090347, 1926.8869952714776, -191.87412569174737, 1553.2715853738507, 2005.1711197475186, -631.732855841675, 1570.4268576221489, 1843.3704612190172, -447.0051265818612, 1537.8292797441597, 1913.7871271115685, -210.56480299279733, 1571.5704496360856, 1929.2366353051632, -171.1513487315598, 1554.1281441946255, 2007.018085659121, -611.0856611670014, 1571.628336273287, 1839.1250087767394, -421.5016976275284, 1536.6358702547288, 1921.4129496866958, -189.7026731803809, 1575.351591172076, 1924.4594740819505, -146.58591939031, 1550.947340468421, 2002.2027663883698, -586.5131072355645, 1568.7927851511618, 1847.4222330177229, -397.2164719405033, 1539.9909953347967, 1922.604205162327, -162.4973498474084, 1575.425509417742, 1912.629284633994, -126.58981647337492, 1543.9516333575211, 1990.9863164550507, -566.3978799620328, 1562.0472918023124, 1866.0388994071761, -380.65665613163185, 1546.9956519286536, 1915.3317892663679, -137.75363108537238, 1570.8563189919537], "CordinateList": [1894.485, -425.724, 1530.121, 1875.675, -426.437, 1581.799, 1958.182, -613.999, 1517.337, 1931.681, -614.164, 1560.911, 1885.486, -174.284, 1495.605, 1845.708, -172.737, 1567.294, 1870.9330679914974, -173.7180241888191, 1521.8326922609872, 1947.269873248489, -614.0669408669106, 1535.2791535440304, 1885.9349154215797, -426.04809411506716, 1553.6112323680811, 1860.2609178519288, -173.30297526061977, 1541.066333252378, 1905.6815732900557, -119.74361341964766, 1539.9488276556242, 1984.5843907989815, -559.4484889625822, 1558.1800594551196, 1889.9866872202854, -376.2594394737092, 1555.772947958718, 1909.8349305408506, -128.33385212681617, 1567.603010333268, 1905.6815732900557, -119.74361341964766, 1539.9488276556242, 1984.5843907989815, -559.4484889625822, 1558.1800594551196, 1889.9866872202854, -376.2594394737092, 1555.772947958718, 1909.8349305408506, -128.33385212681617, 1567.603010333268, 1918.9643835910547, -210.9752620380538, 1549.2877637346016, 1998.3203682606882, -650.6517294230705, 1566.1887023163836, 1881.9583429767274, -475.8439877225785, 1551.4767883139416, 1900.7833989775254, -227.91055774424333, 1564.72939431218], "ED": 72.0, "ED2": 70.0, "M1NYS_T": 43.98208670560991, "M2NYS_T": -44.06174068704404, "Parameter": ["BC", "ED", "Delta", "CD", "F_X", "F_Y", "F_Z", "Fp_X", "Fp_Y", "Fp_Z", "FE", "A_X", "A_Y", "A_Z", "Ap_X", "Ap_Y", "Ap_Z", "Distance", "BC", "ED", "Delta", "CD", "F_X", "F_Y", "F_Z", "Fp_X", "Fp_Y", "Fp_Z", "FE", "A_X", "A_Y", "A_Z", "Ap_X", "Ap_Y", "Ap_Z", "Distance"], "Park": 5.217432098500183, "Ra_Rb": 0.20080321285140562, "Ra_Rb2": 0.14918362782375308, "S1NYS_T": -41.368312993441236, "S2NYS_T": 41.38853815734482, "UWL1": 185.1253937195204, "UWL2": 123.96447087396508, "index": 1, "kpiList": [50.2, 71.8, 0.0, 248.4, 1886.286, -173.48399999999998, 1496.405, 1846.508, -171.93699999999998, 1568.094, 53.5, 1894.475, -425.734, 1530.111, 1875.665, -426.427, 1581.789, 24.800000000000022, 50.2, 71.8, 0.0, 248.4, 1886.286, -175.084, 1496.405, 1846.508, -171.93699999999998, 1568.094, 53.5, 1894.475, -425.734, 1530.111, 1875.665, -426.427, 1581.789, 24.800000000000022], "listOpt1": [[71.98729331710855, 249.03964600719127, -38.7125164244477, 49.30448334150685, 88.01699976595455, 44.02284848034017, -44.022848480340166, 7.105427357601002e-15], [72.0, 249.0, -38.65887535297094, 49.33861518879753, 87.99749054176847, 43.98208670560991, -44.06174068704404, -0.07965398143413438]], "listOpt2": [[66.7034583851251, 447.09128388551005, -51.2972289833779, 31.502771017379736, 82.80000000075763, -41.38202744179057, 41.38202764981336, 2.0802279010467828e-07], [66.7, 447.1, -51.285090667654146, 31.50967749881881, 82.79476816647295, -41.368312993441236, 41.38853815734482, 0.0202251639035822]], "maxArray": [180.0, 87.99742602448856, 60.0, 0.6843240553529905, 0.0, 0.010567929594509326, 0.0, 43.98208670560991, 90.0, 3.2709783943038975, 180.0, 89.92167673832401, 0.0, -0.2562030153044302], "maxArray2": [180.0, 82.79470926370269, 60.0, 0.6503505096360829, 0.0, 0.010076998479487244, 180.0, 41.38847869446799, 60.0, -3.040573951152793, 0.0, 43.983006518506365, 60.0, -3.898139281469491], "minArray": [0.0, 0.0, 270.0, -0.7267138986649595, 150.0, -0.01275995728654989, 180.0, -44.04340946414794, 270.0, -0.3905205825743858, 0.0, -89.98736263344121, 270.0, -1.2035090463286173], "minArray2": [0.0, 0.0, 270.0, -0.6913162508262473, 150.0, -0.011734326741678559, 0.0, -41.368312993428, 180.0, -3.253282331796217, 180.0, -43.984117174338394, 180.0, -4.106169447627224], "no": 2, "noCrank": "Master", "num": 12, "outCordinateall": {"Cx": {"0": 1889.9866872202854, "1": 1912.8488060520162, "2": 1928.4993696241422, "3": 1932.74482206642, "4": 1924.4475978254366, "5": 1905.8309314359833, "6": 1881.883143622874, "7": 1859.0210247911432, "8": 1843.3704612190172, "9": 1839.1250087767394, "10": 1847.4222330177229, "11": 1889.9866872202854}, "Cy": {"0": -376.2594394737092, "1": -385.2030526191706, "2": -405.0910616482731, "3": -430.5944906026059, "4": -454.879716289631, "5": -471.43953209850247, "6": -475.8367487564251, "7": -466.8931356109637, "8": -447.0051265818612, "9": -421.5016976275284, "10": -397.2164719405033, "11": -376.2594394737092}, "Cz": {"0": 1555.772947958718, "1": 1563.9710140420057, "2": 1569.3931849920025, "3": 1570.5865944814334, "4": 1567.2314694013655, "5": 1560.2268128075086, "6": 1551.4495167774442, "7": 1543.2514506941566, "8": 1537.8292797441597, "9": 1536.6358702547288, "10": 1539.9909953347967, "11": 1555.772947958718}, "Dx": {"0": 1909.8349305408506, "1": 1914.5995709656672, "2": 1921.5815491735511, "3": 1922.6945557993358, "4": 1916.012560427766, "5": 1905.7369515984578, "6": 1900.783453238449, "7": 1905.0628365232049, "8": 1913.7871271115685, "9": 1921.4129496866958, "10": 1922.604205162327, "11": 1909.8349305408506}, "Dy": {"0": -128.33385212681617, "1": -136.2926979815328, "2": -156.24425048110052, "3": -181.85400226104144, "4": -206.08290832577913, "5": -222.54180478490107, "6": -227.91050492629725, "7": -223.34251658909358, "8": -210.56480299279733,